{
	"info": {
		"_postman_id": "2c63e1d8-0976-49f7-81c2-94cf937c9108",
		"name": "Part 1",
		"schema": "https://schema.getpostman.com/json/collection/v2.1.0/collection.json",
		"_exporter_id": "33213791"
	},
	"item": [
		{
			"name": "http://localhost:8080/authors",
			"request": {
				"method": "GET",
				"header": [],
				"url": {
					"raw": "http://localhost:8080/authors",
					"protocol": "http",
					"host": [
						"localhost"
					],
					"port": "8080",
					"path": [
						"authors"
					]
				}
			},
			"response": [
				{
					"name": "GET authors successful",
					"originalRequest": {
						"method": "GET",
						"header": [],
						"url": {
							"raw": "http://localhost:8080/authors",
							"protocol": "http",
							"host": [
								"localhost"
							],
							"port": "8080",
							"path": [
								"authors"
							]
						}
					},
					"status": "OK",
					"code": 200,
					"_postman_previewlanguage": "json",
					"header": [
						{
							"key": "Content-Type",
							"value": "application/json"
						},
						{
							"key": "Transfer-Encoding",
							"value": "chunked"
						},
						{
							"key": "Date",
							"value": "Sun, 21 Apr 2024 19:48:11 GMT"
						},
						{
							"key": "Keep-Alive",
							"value": "timeout=60"
						},
						{
							"key": "Connection",
							"value": "keep-alive"
						}
					],
					"cookie": [],
					"body": "[\n    {\n        \"id\": 1,\n        \"name\": \"Stephen King\",\n        \"birthYear\": 1947,\n        \"nationality\": \"USA\"\n    },\n    {\n        \"id\": 2,\n        \"name\": \"JK Rowling\",\n        \"birthYear\": 1965,\n        \"nationality\": \"UK\"\n    }\n]"
				}
			]
		},
		{
			"name": "http://localhost:8080/authors",
			"request": {
				"method": "GET",
				"header": [],
				"url": {
					"raw": "http://localhost:8080/authors",
					"protocol": "http",
					"host": [
						"localhost"
					],
					"port": "8080",
					"path": [
						"authors"
					]
				}
			},
			"response": [
				{
					"name": "GET authors error",
					"originalRequest": {
						"method": "GET",
						"header": [],
						"url": {
							"raw": "http://localhost:8080/authors",
							"protocol": "http",
							"host": [
								"localhost"
							],
							"port": "8080",
							"path": [
								"authors"
							]
						}
					},
					"status": "Not Found",
					"code": 404,
					"_postman_previewlanguage": "json",
					"header": [
						{
							"key": "Content-Type",
							"value": "application/json"
						},
						{
							"key": "Transfer-Encoding",
							"value": "chunked"
						},
						{
							"key": "Date",
							"value": "Sun, 21 Apr 2024 19:50:00 GMT"
						},
						{
							"key": "Keep-Alive",
							"value": "timeout=60"
						},
						{
							"key": "Connection",
							"value": "keep-alive"
						}
					],
					"cookie": [],
					"body": "{\n    \"message\": \"No authors found\"\n}"
				}
			]
		},
		{
			"name": "http://localhost:8080/authors",
			"request": {
				"method": "POST",
				"header": [],
				"body": {
					"mode": "raw",
					"raw": "{\r\n        \"name\": \"Stephen King\",\r\n        \"birthYear\": 1947,\r\n        \"nationality\": \"USA\"\r\n    }",
					"options": {
						"raw": {
							"language": "json"
						}
					}
				},
				"url": {
					"raw": "http://localhost:8080/authors",
					"protocol": "http",
					"host": [
						"localhost"
					],
					"port": "8080",
					"path": [
						"authors"
					]
				}
			},
			"response": [
				{
					"name": "POST authors successful",
					"originalRequest": {
						"method": "POST",
						"header": [],
						"body": {
							"mode": "raw",
							"raw": "{\r\n        \"name\": \"Stephen King\",\r\n        \"birthYear\": 1947,\r\n        \"nationality\": \"USA\"\r\n    }",
							"options": {
								"raw": {
									"language": "json"
								}
							}
						},
						"url": {
							"raw": "http://localhost:8080/authors",
							"protocol": "http",
							"host": [
								"localhost"
							],
							"port": "8080",
							"path": [
								"authors"
							]
						}
					},
					"status": "Created",
					"code": 201,
					"_postman_previewlanguage": "json",
					"header": [
						{
							"key": "Content-Type",
							"value": "application/json"
						},
						{
							"key": "Transfer-Encoding",
							"value": "chunked"
						},
						{
							"key": "Date",
							"value": "Sun, 21 Apr 2024 19:51:22 GMT"
						},
						{
							"key": "Keep-Alive",
							"value": "timeout=60"
						},
						{
							"key": "Connection",
							"value": "keep-alive"
						}
					],
					"cookie": [],
					"body": "{\n    \"id\": 1,\n    \"name\": \"Stephen King\",\n    \"birthYear\": 1947,\n    \"nationality\": \"USA\"\n}"
				},
				{
					"name": "POST authors error",
					"originalRequest": {
						"method": "POST",
						"header": [],
						"body": {
							"mode": "raw",
							"raw": "{\r\n        \"name\": \"Stephen King\",\r\n        \"birthYear\": 1947,\r\n        \"nationality\": \"USA\"\r\n    }",
							"options": {
								"raw": {
									"language": "json"
								}
							}
						},
						"url": {
							"raw": "http://localhost:8080/authors",
							"protocol": "http",
							"host": [
								"localhost"
							],
							"port": "8080",
							"path": [
								"authors"
							]
						}
					},
					"status": "Conflict",
					"code": 409,
					"_postman_previewlanguage": "json",
					"header": [
						{
							"key": "Content-Type",
							"value": "application/json"
						},
						{
							"key": "Transfer-Encoding",
							"value": "chunked"
						},
						{
							"key": "Date",
							"value": "Sun, 21 Apr 2024 19:52:11 GMT"
						},
						{
							"key": "Keep-Alive",
							"value": "timeout=60"
						},
						{
							"key": "Connection",
							"value": "keep-alive"
						}
					],
					"cookie": [],
					"body": "{\n    \"message\": \"An author named Stephen King already exists.\"\n}"
				}
			]
		},
		{
			"name": "http://localhost:8080/authors/:id",
			"request": {
				"method": "GET",
				"header": [],
				"url": {
					"raw": "http://localhost:8080/authors/:id",
					"protocol": "http",
					"host": [
						"localhost"
					],
					"port": "8080",
					"path": [
						"authors",
						":id"
					],
					"variable": [
						{
							"key": "id",
							"value": "1"
						}
					]
				}
			},
			"response": [
				{
					"name": "GET authorbyId successful",
					"originalRequest": {
						"method": "GET",
						"header": [],
						"url": {
							"raw": "http://localhost:8080/authors/:id",
							"protocol": "http",
							"host": [
								"localhost"
							],
							"port": "8080",
							"path": [
								"authors",
								":id"
							],
							"variable": [
								{
									"key": "id",
									"value": "1"
								}
							]
						}
					},
					"status": "OK",
					"code": 200,
					"_postman_previewlanguage": "json",
					"header": [
						{
							"key": "Content-Type",
							"value": "application/json"
						},
						{
							"key": "Transfer-Encoding",
							"value": "chunked"
						},
						{
							"key": "Date",
							"value": "Sun, 21 Apr 2024 19:59:36 GMT"
						},
						{
							"key": "Keep-Alive",
							"value": "timeout=60"
						},
						{
							"key": "Connection",
							"value": "keep-alive"
						}
					],
					"cookie": [],
					"body": "{\n    \"id\": 1,\n    \"name\": \"JK Rowling\",\n    \"birthYear\": 1965,\n    \"nationality\": \"UK\"\n}"
				},
				{
					"name": "GET authorbyId error",
					"originalRequest": {
						"method": "GET",
						"header": [],
						"url": {
							"raw": "http://localhost:8080/authors/:id",
							"protocol": "http",
							"host": [
								"localhost"
							],
							"port": "8080",
							"path": [
								"authors",
								":id"
							],
							"variable": [
								{
									"key": "id",
									"value": "3"
								}
							]
						}
					},
					"status": "Not Found",
					"code": 404,
					"_postman_previewlanguage": "json",
					"header": [
						{
							"key": "Content-Type",
							"value": "application/json"
						},
						{
							"key": "Transfer-Encoding",
							"value": "chunked"
						},
						{
							"key": "Date",
							"value": "Sun, 21 Apr 2024 20:00:44 GMT"
						},
						{
							"key": "Keep-Alive",
							"value": "timeout=60"
						},
						{
							"key": "Connection",
							"value": "keep-alive"
						}
					],
					"cookie": [],
					"body": "{\n    \"message\": \"Author not found with id: 3\"\n}"
				}
			]
		},
		{
			"name": "http://localhost:8080/authors/:id",
			"request": {
				"method": "PUT",
				"header": [],
				"body": {
					"mode": "raw",
					"raw": "{\r\n  \"name\": \"JK Rowling Updated\",\r\n  \"birthYear\": 2004,\r\n  \"nationality\": \"Updated UK\"\r\n}",
					"options": {
						"raw": {
							"language": "json"
						}
					}
				},
				"url": {
					"raw": "http://localhost:8080/authors/:id",
					"protocol": "http",
					"host": [
						"localhost"
					],
					"port": "8080",
					"path": [
						"authors",
						":id"
					],
					"variable": [
						{
							"key": "id",
							"value": "1"
						}
					]
				}
			},
			"response": [
				{
					"name": "PUT updateAuthorById successful",
					"originalRequest": {
						"method": "PUT",
						"header": [],
						"body": {
							"mode": "raw",
							"raw": "{\r\n  \"name\": \"JK Rowling Updated\",\r\n  \"birthYear\": 2004,\r\n  \"nationality\": \"Updated UK\"\r\n}",
							"options": {
								"raw": {
									"language": "json"
								}
							}
						},
						"url": {
							"raw": "http://localhost:8080/authors/:id",
							"protocol": "http",
							"host": [
								"localhost"
							],
							"port": "8080",
							"path": [
								"authors",
								":id"
							],
							"variable": [
								{
									"key": "id",
									"value": "1"
								}
							]
						}
					},
					"status": "OK",
					"code": 200,
					"_postman_previewlanguage": "json",
					"header": [
						{
							"key": "Content-Type",
							"value": "application/json"
						},
						{
							"key": "Transfer-Encoding",
							"value": "chunked"
						},
						{
							"key": "Date",
							"value": "Sun, 21 Apr 2024 20:06:27 GMT"
						},
						{
							"key": "Keep-Alive",
							"value": "timeout=60"
						},
						{
							"key": "Connection",
							"value": "keep-alive"
						}
					],
					"cookie": [],
					"body": "{\n    \"id\": 1,\n    \"name\": \"JK Rowling Updated\",\n    \"birthYear\": 2004,\n    \"nationality\": \"Updated UK\"\n}"
				},
				{
					"name": "PUT updateAuthorById error",
					"originalRequest": {
						"method": "PUT",
						"header": [],
						"body": {
							"mode": "raw",
							"raw": "{\r\n  \"name\": \"JK Rowling Updated\",\r\n  \"birthYear\": 2004,\r\n  \"nationality\": \"Updated UK\"\r\n}",
							"options": {
								"raw": {
									"language": "json"
								}
							}
						},
						"url": {
							"raw": "http://localhost:8080/authors/:id",
							"protocol": "http",
							"host": [
								"localhost"
							],
							"port": "8080",
							"path": [
								"authors",
								":id"
							],
							"variable": [
								{
									"key": "id",
									"value": "3"
								}
							]
						}
					},
					"status": "Not Found",
					"code": 404,
					"_postman_previewlanguage": "json",
					"header": [
						{
							"key": "Content-Type",
							"value": "application/json"
						},
						{
							"key": "Transfer-Encoding",
							"value": "chunked"
						},
						{
							"key": "Date",
							"value": "Sun, 21 Apr 2024 20:07:58 GMT"
						},
						{
							"key": "Keep-Alive",
							"value": "timeout=60"
						},
						{
							"key": "Connection",
							"value": "keep-alive"
						}
					],
					"cookie": [],
					"body": "{\n    \"message\": \"Author not found with id: 3\"\n}"
				}
			]
		},
		{
			"name": "http://localhost:8080/authors/:id",
			"request": {
				"method": "DELETE",
				"header": [],
				"url": {
					"raw": "http://localhost:8080/authors/:id",
					"protocol": "http",
					"host": [
						"localhost"
					],
					"port": "8080",
					"path": [
						"authors",
						":id"
					],
					"variable": [
						{
							"key": "id",
							"value": "1"
						}
					]
				}
			},
			"response": [
				{
					"name": "DELETE author successful",
					"originalRequest": {
						"method": "DELETE",
						"header": [],
						"url": {
							"raw": "http://localhost:8080/authors/:id",
							"protocol": "http",
							"host": [
								"localhost"
							],
							"port": "8080",
							"path": [
								"authors",
								":id"
							],
							"variable": [
								{
									"key": "id",
									"value": "1"
								}
							]
						}
					},
					"status": "No Content",
					"code": 204,
					"_postman_previewlanguage": "plain",
					"header": [
						{
							"key": "Date",
							"value": "Sun, 21 Apr 2024 20:30:10 GMT"
						},
						{
							"key": "Keep-Alive",
							"value": "timeout=60"
						},
						{
							"key": "Connection",
							"value": "keep-alive"
						}
					],
					"cookie": [],
					"body": null
				},
				{
					"name": "DELETE author error",
					"originalRequest": {
						"method": "DELETE",
						"header": [],
						"url": {
							"raw": "http://localhost:8080/authors/:id",
							"protocol": "http",
							"host": [
								"localhost"
							],
							"port": "8080",
							"path": [
								"authors",
								":id"
							],
							"variable": [
								{
									"key": "id",
									"value": "3"
								}
							]
						}
					},
					"status": "Not Found",
					"code": 404,
					"_postman_previewlanguage": "json",
					"header": [
						{
							"key": "Content-Type",
							"value": "application/json"
						},
						{
							"key": "Transfer-Encoding",
							"value": "chunked"
						},
						{
							"key": "Date",
							"value": "Sun, 21 Apr 2024 20:31:07 GMT"
						},
						{
							"key": "Keep-Alive",
							"value": "timeout=60"
						},
						{
							"key": "Connection",
							"value": "keep-alive"
						}
					],
					"cookie": [],
					"body": "{\n    \"message\": \"Author not found with id: 3\"\n}"
				}
			]
		},
		{
			"name": "http://localhost:8080/authors/:id/books",
			"request": {
				"method": "GET",
				"header": [],
				"url": {
					"raw": "http://localhost:8080/authors/:id/books",
					"protocol": "http",
					"host": [
						"localhost"
					],
					"port": "8080",
					"path": [
						"authors",
						":id",
						"books"
					],
					"variable": [
						{
							"key": "id",
							"value": "1"
						}
					]
				}
			},
			"response": [
				{
					"name": "GET booksByAuthorId successful",
					"originalRequest": {
						"method": "GET",
						"header": [],
						"url": {
							"raw": "http://localhost:8080/authors/:id/books",
							"protocol": "http",
							"host": [
								"localhost"
							],
							"port": "8080",
							"path": [
								"authors",
								":id",
								"books"
							],
							"variable": [
								{
									"key": "id",
									"value": "1"
								}
							]
						}
					},
					"status": "OK",
					"code": 200,
					"_postman_previewlanguage": "json",
					"header": [
						{
							"key": "Content-Type",
							"value": "application/json"
						},
						{
							"key": "Transfer-Encoding",
							"value": "chunked"
						},
						{
							"key": "Date",
							"value": "Sun, 21 Apr 2024 20:37:02 GMT"
						},
						{
							"key": "Keep-Alive",
							"value": "timeout=60"
						},
						{
							"key": "Connection",
							"value": "keep-alive"
						}
					],
					"cookie": [],
					"body": "[\n    {\n        \"title\": \"Harry Potter and the Chamber of Secrets\",\n        \"publicationYear\": 1998,\n        \"price\": 14.39,\n        \"isbn\": \"9788831000154\"\n    },\n    {\n        \"title\": \"Harry Potter and the Philosophers Stone\",\n        \"publicationYear\": 1997,\n        \"price\": 12.23,\n        \"isbn\": \"9780747532743\"\n    }\n]"
				},
				{
					"name": "GET booksByAuthorId error",
					"originalRequest": {
						"method": "GET",
						"header": [],
						"url": {
							"raw": "http://localhost:8080/authors/:id/books",
							"protocol": "http",
							"host": [
								"localhost"
							],
							"port": "8080",
							"path": [
								"authors",
								":id",
								"books"
							],
							"variable": [
								{
									"key": "id",
									"value": "3"
								}
							]
						}
					},
					"status": "Not Found",
					"code": 404,
					"_postman_previewlanguage": "json",
					"header": [
						{
							"key": "Content-Type",
							"value": "application/json"
						},
						{
							"key": "Transfer-Encoding",
							"value": "chunked"
						},
						{
							"key": "Date",
							"value": "Sun, 21 Apr 2024 20:37:48 GMT"
						},
						{
							"key": "Keep-Alive",
							"value": "timeout=60"
						},
						{
							"key": "Connection",
							"value": "keep-alive"
						}
					],
					"cookie": [],
					"body": "{\n    \"message\": \"Author not found with id: 3\"\n}"
				}
			]
		},
		{
			"name": "http://localhost:8080/books",
			"request": {
				"method": "GET",
				"header": [],
				"url": {
					"raw": "http://localhost:8080/books",
					"protocol": "http",
					"host": [
						"localhost"
					],
					"port": "8080",
					"path": [
						"books"
					]
				}
			},
			"response": [
				{
					"name": "GET books successful",
					"originalRequest": {
						"method": "GET",
						"header": [],
						"url": {
							"raw": "http://localhost:8080/books",
							"protocol": "http",
							"host": [
								"localhost"
							],
							"port": "8080",
							"path": [
								"books"
							]
						}
					},
					"status": "OK",
					"code": 200,
					"_postman_previewlanguage": "json",
					"header": [
						{
							"key": "Content-Type",
							"value": "application/json"
						},
						{
							"key": "Transfer-Encoding",
							"value": "chunked"
						},
						{
							"key": "Date",
							"value": "Mon, 22 Apr 2024 18:07:37 GMT"
						},
						{
							"key": "Keep-Alive",
							"value": "timeout=60"
						},
						{
							"key": "Connection",
							"value": "keep-alive"
						}
					],
					"cookie": [],
					"body": "[\n    {\n        \"title\": \"Harry Potter and the Philosophers Stone\",\n        \"publicationYear\": 1997,\n        \"price\": 12.23,\n        \"isbn\": \"9780747532743\"\n    },\n    {\n        \"title\": \"48 Laws Of Power\",\n        \"publicationYear\": 1998,\n        \"price\": 16.99,\n        \"isbn\": \"9781861972781\"\n    },\n    {\n        \"title\": \"Harry Potter and the Chamber of Secrets\",\n        \"publicationYear\": 1998,\n        \"price\": 14.39,\n        \"isbn\": \"9788831000154\"\n    }\n]"
				},
				{
					"name": "GET books error",
					"originalRequest": {
						"method": "GET",
						"header": [],
						"url": {
							"raw": "http://localhost:8080/books",
							"protocol": "http",
							"host": [
								"localhost"
							],
							"port": "8080",
							"path": [
								"books"
							]
						}
					},
					"status": "Not Found",
					"code": 404,
					"_postman_previewlanguage": "json",
					"header": [
						{
							"key": "Content-Type",
							"value": "application/json"
						},
						{
							"key": "Transfer-Encoding",
							"value": "chunked"
						},
						{
							"key": "Date",
							"value": "Mon, 22 Apr 2024 18:09:30 GMT"
						},
						{
							"key": "Keep-Alive",
							"value": "timeout=60"
						},
						{
							"key": "Connection",
							"value": "keep-alive"
						}
					],
					"cookie": [],
					"body": "{\n    \"message\": \"No Books found\"\n}"
				}
			]
		},
		{
			"name": "http://localhost:8080/books",
			"request": {
				"method": "POST",
				"header": [],
				"body": {
					"mode": "raw",
					"raw": "{\r\n        \"title\": \"THE BFG\",\r\n        \"publicationYear\": 1982,\r\n        \"price\": 12.23,\r\n        \"isbn\": \"978074734390\"\r\n    }",
					"options": {
						"raw": {
							"language": "json"
						}
					}
				},
				"url": {
					"raw": "http://localhost:8080/books",
					"protocol": "http",
					"host": [
						"localhost"
					],
					"port": "8080",
					"path": [
						"books"
					]
				}
			},
			"response": [
				{
					"name": "POST createBook successful",
					"originalRequest": {
						"method": "POST",
						"header": [],
						"body": {
							"mode": "raw",
							"raw": "{\r\n        \"title\": \"THE BFG\",\r\n        \"publicationYear\": 1982,\r\n        \"price\": 12.23,\r\n        \"isbn\": \"978074734390\"\r\n    }",
							"options": {
								"raw": {
									"language": "json"
								}
							}
						},
						"url": {
							"raw": "http://localhost:8080/books",
							"protocol": "http",
							"host": [
								"localhost"
							],
							"port": "8080",
							"path": [
								"books"
							]
						}
					},
					"status": "Created",
					"code": 201,
					"_postman_previewlanguage": "json",
					"header": [
						{
							"key": "Content-Type",
							"value": "application/json"
						},
						{
							"key": "Transfer-Encoding",
							"value": "chunked"
						},
						{
							"key": "Date",
							"value": "Mon, 22 Apr 2024 18:19:41 GMT"
						},
						{
							"key": "Keep-Alive",
							"value": "timeout=60"
						},
						{
							"key": "Connection",
							"value": "keep-alive"
						}
					],
					"cookie": [],
					"body": "{\n    \"title\": \"THE BFG\",\n    \"publicationYear\": 1982,\n    \"price\": 12.23,\n    \"isbn\": \"978074734390\"\n}"
				},
				{
					"name": "POST createBook error",
					"originalRequest": {
						"method": "POST",
						"header": [],
						"body": {
							"mode": "raw",
							"raw": "{\r\n        \"title\": \"Harry Potter and the Philosophers Stone\",\r\n        \"publicationYear\": 1997,\r\n        \"price\": 12.23,\r\n        \"isbn\": \"9780747532743\"\r\n    }",
							"options": {
								"raw": {
									"language": "json"
								}
							}
						},
						"url": {
							"raw": "http://localhost:8080/books",
							"protocol": "http",
							"host": [
								"localhost"
							],
							"port": "8080",
							"path": [
								"books"
							]
						}
					},
					"status": "Conflict",
					"code": 409,
					"_postman_previewlanguage": "json",
					"header": [
						{
							"key": "Content-Type",
							"value": "application/json"
						},
						{
							"key": "Transfer-Encoding",
							"value": "chunked"
						},
						{
							"key": "Date",
							"value": "Mon, 22 Apr 2024 18:24:08 GMT"
						},
						{
							"key": "Keep-Alive",
							"value": "timeout=60"
						},
						{
							"key": "Connection",
							"value": "keep-alive"
						}
					],
					"cookie": [],
					"body": "{\n    \"message\": \"A Book named Harry Potter and the Philosophers Stone already exists.\"\n}"
				}
			]
		},
		{
			"name": "http://localhost:8080/books/:isbn",
			"request": {
				"method": "GET",
				"header": [],
				"url": {
					"raw": "http://localhost:8080/books/:isbn",
					"protocol": "http",
					"host": [
						"localhost"
					],
					"port": "8080",
					"path": [
						"books",
						":isbn"
					],
					"variable": [
						{
							"key": "isbn",
							"value": "1"
						}
					]
				}
			},
			"response": [
				{
					"name": "GET specificBook error",
					"originalRequest": {
						"method": "GET",
						"header": [],
						"url": {
							"raw": "http://localhost:8080/books/:isbn",
							"protocol": "http",
							"host": [
								"localhost"
							],
							"port": "8080",
							"path": [
								"books",
								":isbn"
							],
							"variable": [
								{
									"key": "isbn",
									"value": "1"
								}
							]
						}
					},
					"status": "Not Found",
					"code": 404,
					"_postman_previewlanguage": "json",
					"header": [
						{
							"key": "Content-Type",
							"value": "application/json"
						},
						{
							"key": "Transfer-Encoding",
							"value": "chunked"
						},
						{
							"key": "Date",
							"value": "Mon, 22 Apr 2024 18:49:29 GMT"
						},
						{
							"key": "Keep-Alive",
							"value": "timeout=60"
						},
						{
							"key": "Connection",
							"value": "keep-alive"
						}
					],
					"cookie": [],
					"body": "{\n    \"message\": \"Book not found with isbn: 1\"\n}"
				},
				{
					"name": "GET specificBook successful",
					"originalRequest": {
						"method": "GET",
						"header": [],
						"url": {
							"raw": "http://localhost:8080/books/:isbn",
							"protocol": "http",
							"host": [
								"localhost"
							],
							"port": "8080",
							"path": [
								"books",
								":isbn"
							],
							"variable": [
								{
									"key": "isbn",
									"value": "9781861972781"
								}
							]
						}
					},
					"status": "OK",
					"code": 200,
					"_postman_previewlanguage": "json",
					"header": [
						{
							"key": "Content-Type",
							"value": "application/json"
						},
						{
							"key": "Transfer-Encoding",
							"value": "chunked"
						},
						{
							"key": "Date",
							"value": "Mon, 22 Apr 2024 18:50:28 GMT"
						},
						{
							"key": "Keep-Alive",
							"value": "timeout=60"
						},
						{
							"key": "Connection",
							"value": "keep-alive"
						}
					],
					"cookie": [],
					"body": "{\n    \"title\": \"48 Laws Of Power\",\n    \"publicationYear\": 1998,\n    \"price\": 16.99,\n    \"isbn\": \"9781861972781\"\n}"
				}
			]
		},
		{
			"name": "http://localhost:8080/books/:isbn",
			"request": {
				"method": "PUT",
				"header": [],
				"body": {
					"mode": "raw",
					"raw": "{\r\n        \"title\": \"52 Laws Of Power\",\r\n        \"publicationYear\": 1998,\r\n        \"price\": 16.99,\r\n        \"isbn\": \"9781861972781\"\r\n    }",
					"options": {
						"raw": {
							"language": "json"
						}
					}
				},
				"url": {
					"raw": "http://localhost:8080/books/:isbn",
					"protocol": "http",
					"host": [
						"localhost"
					],
					"port": "8080",
					"path": [
						"books",
						":isbn"
					],
					"variable": [
						{
							"key": "isbn",
							"value": "9781861972781"
						}
					]
				}
			},
			"response": [
				{
					"name": "PUT updateAuthorByIsbn successful",
					"originalRequest": {
						"method": "PUT",
						"header": [],
						"body": {
							"mode": "raw",
							"raw": "{\r\n        \"title\": \"52 Laws Of Power\",\r\n        \"publicationYear\": 1998,\r\n        \"price\": 16.99,\r\n        \"isbn\": \"9781861972781\"\r\n    }",
							"options": {
								"raw": {
									"language": "json"
								}
							}
						},
						"url": {
							"raw": "http://localhost:8080/books/:isbn",
							"protocol": "http",
							"host": [
								"localhost"
							],
							"port": "8080",
							"path": [
								"books",
								":isbn"
							],
							"variable": [
								{
									"key": "isbn",
									"value": "9781861972781"
								}
							]
						}
					},
					"status": "OK",
					"code": 200,
					"_postman_previewlanguage": "json",
					"header": [
						{
							"key": "Content-Type",
							"value": "application/json"
						},
						{
							"key": "Transfer-Encoding",
							"value": "chunked"
						},
						{
							"key": "Date",
							"value": "Mon, 22 Apr 2024 18:57:28 GMT"
						},
						{
							"key": "Keep-Alive",
							"value": "timeout=60"
						},
						{
							"key": "Connection",
							"value": "keep-alive"
						}
					],
					"cookie": [],
					"body": "{\n    \"title\": \"52 Laws Of Power\",\n    \"publicationYear\": 1998,\n    \"price\": 16.99,\n    \"isbn\": \"9781861972781\"\n}"
				},
				{
					"name": "GET updateAuthorByIsbn error",
					"originalRequest": {
						"method": "PUT",
						"header": [],
						"body": {
							"mode": "raw",
							"raw": "{\r\n        \"title\": \"52 Laws Of Power\",\r\n        \"publicationYear\": 1998,\r\n        \"price\": 16.99,\r\n        \"isbn\": \"9781861972781\"\r\n    }",
							"options": {
								"raw": {
									"language": "json"
								}
							}
						},
						"url": {
							"raw": "http://localhost:8080/books/:isbn",
							"protocol": "http",
							"host": [
								"localhost"
							],
							"port": "8080",
							"path": [
								"books",
								":isbn"
							],
							"variable": [
								{
									"key": "isbn",
									"value": "1"
								}
							]
						}
					},
					"status": "Not Found",
					"code": 404,
					"_postman_previewlanguage": "json",
					"header": [
						{
							"key": "Content-Type",
							"value": "application/json"
						},
						{
							"key": "Transfer-Encoding",
							"value": "chunked"
						},
						{
							"key": "Date",
							"value": "Mon, 22 Apr 2024 18:59:04 GMT"
						},
						{
							"key": "Keep-Alive",
							"value": "timeout=60"
						},
						{
							"key": "Connection",
							"value": "keep-alive"
						}
					],
					"cookie": [],
					"body": "{\n    \"message\": \"Book not found with isbn: 1\"\n}"
				}
			]
		},
		{
			"name": "http://localhost:8080/books/:isbn",
			"request": {
				"method": "DELETE",
				"header": [],
				"url": {
					"raw": "http://localhost:8080/books/:isbn",
					"protocol": "http",
					"host": [
						"localhost"
					],
					"port": "8080",
					"path": [
						"books",
						":isbn"
					],
					"variable": [
						{
							"key": "isbn",
							"value": "9781861972781"
						}
					]
				}
			},
			"response": [
				{
					"name": "DELETE book successful",
					"originalRequest": {
						"method": "DELETE",
						"header": [],
						"url": {
							"raw": "http://localhost:8080/books/:isbn",
							"protocol": "http",
							"host": [
								"localhost"
							],
							"port": "8080",
							"path": [
								"books",
								":isbn"
							],
							"variable": [
								{
									"key": "isbn",
									"value": "9781861972781"
								}
							]
						}
					},
					"status": "No Content",
					"code": 204,
					"_postman_previewlanguage": "plain",
					"header": [
						{
							"key": "Date",
							"value": "Mon, 22 Apr 2024 19:31:23 GMT"
						},
						{
							"key": "Keep-Alive",
							"value": "timeout=60"
						},
						{
							"key": "Connection",
							"value": "keep-alive"
						}
					],
					"cookie": [],
					"body": null
				},
				{
					"name": "DELETE book error",
					"originalRequest": {
						"method": "DELETE",
						"header": [],
						"url": {
							"raw": "http://localhost:8080/books/:isbn",
							"protocol": "http",
							"host": [
								"localhost"
							],
							"port": "8080",
							"path": [
								"books",
								":isbn"
							],
							"variable": [
								{
									"key": "isbn",
									"value": "1"
								}
							]
						}
					},
					"status": "Not Found",
					"code": 404,
					"_postman_previewlanguage": "json",
					"header": [
						{
							"key": "Content-Type",
							"value": "application/json"
						},
						{
							"key": "Transfer-Encoding",
							"value": "chunked"
						},
						{
							"key": "Date",
							"value": "Mon, 22 Apr 2024 19:33:16 GMT"
						},
						{
							"key": "Keep-Alive",
							"value": "timeout=60"
						},
						{
							"key": "Connection",
							"value": "keep-alive"
						}
					],
					"cookie": [],
					"body": "{\n    \"message\": \"Book not found with ISBN: 1\"\n}"
				}
			]
		},
		{
			"name": "http://localhost:8080/books/:isbn/authors",
			"request": {
				"method": "GET",
				"header": [],
				"url": {
					"raw": "http://localhost:8080/books/:isbn/authors",
					"protocol": "http",
					"host": [
						"localhost"
					],
					"port": "8080",
					"path": [
						"books",
						":isbn",
						"authors"
					],
					"variable": [
						{
							"key": "isbn",
							"value": "1"
						}
					]
				}
			},
			"response": [
				{
					"name": "GET authorsOfBook successful",
					"originalRequest": {
						"method": "GET",
						"header": [],
						"url": {
							"raw": "http://localhost:8080/books/:isbn/authors",
							"protocol": "http",
							"host": [
								"localhost"
							],
							"port": "8080",
							"path": [
								"books",
								":isbn",
								"authors"
							],
							"variable": [
								{
									"key": "isbn",
									"value": "9780747532743"
								}
							]
						}
					},
					"status": "OK",
					"code": 200,
					"_postman_previewlanguage": "json",
					"header": [
						{
							"key": "Content-Type",
							"value": "application/json"
						},
						{
							"key": "Transfer-Encoding",
							"value": "chunked"
						},
						{
							"key": "Date",
							"value": "Mon, 22 Apr 2024 19:52:58 GMT"
						},
						{
							"key": "Keep-Alive",
							"value": "timeout=60"
						},
						{
							"key": "Connection",
							"value": "keep-alive"
						}
					],
					"cookie": [],
					"body": "[\n    {\n        \"id\": 1,\n        \"name\": \"JK Rowling\",\n        \"birthYear\": 1965,\n        \"nationality\": \"UK\"\n    }\n]"
				},
				{
					"name": "GET authorsOfBook error",
					"originalRequest": {
						"method": "GET",
						"header": [],
						"url": {
							"raw": "http://localhost:8080/books/:isbn/authors",
							"protocol": "http",
							"host": [
								"localhost"
							],
							"port": "8080",
							"path": [
								"books",
								":isbn",
								"authors"
							],
							"variable": [
								{
									"key": "isbn",
									"value": "1"
								}
							]
						}
					},
					"status": "Not Found",
					"code": 404,
					"_postman_previewlanguage": "json",
					"header": [
						{
							"key": "Content-Type",
							"value": "application/json"
						},
						{
							"key": "Transfer-Encoding",
							"value": "chunked"
						},
						{
							"key": "Date",
							"value": "Mon, 22 Apr 2024 19:54:20 GMT"
						},
						{
							"key": "Keep-Alive",
							"value": "timeout=60"
						},
						{
							"key": "Connection",
							"value": "keep-alive"
						}
					],
					"cookie": [],
					"body": "{\n    \"message\": \"Book not found with ISBN: 1\"\n}"
				}
			]
		},
		{
			"name": "http://localhost:8080/books/:isbn/orders",
			"request": {
				"method": "GET",
				"header": [],
				"url": {
					"raw": "http://localhost:8080/books/:isbn/orders",
					"protocol": "http",
					"host": [
						"localhost"
					],
					"port": "8080",
					"path": [
						"books",
						":isbn",
						"orders"
					],
					"variable": [
						{
							"key": "isbn",
							"value": "9780747532743"
						}
					]
				}
			},
			"response": [
				{
					"name": "GET ordersContainingBook successful",
					"originalRequest": {
						"method": "GET",
						"header": [],
						"url": {
							"raw": "http://localhost:8080/books/:isbn/orders",
							"protocol": "http",
							"host": [
								"localhost"
							],
							"port": "8080",
							"path": [
								"books",
								":isbn",
								"orders"
							],
							"variable": [
								{
									"key": "isbn",
									"value": "9780747532743"
								}
							]
						}
					},
					"status": "OK",
					"code": 200,
					"_postman_previewlanguage": "json",
					"header": [
						{
							"key": "Content-Type",
							"value": "application/json"
						},
						{
							"key": "Transfer-Encoding",
							"value": "chunked"
						},
						{
							"key": "Date",
							"value": "Mon, 22 Apr 2024 19:57:43 GMT"
						},
						{
							"key": "Keep-Alive",
							"value": "timeout=60"
						},
						{
							"key": "Connection",
							"value": "keep-alive"
						}
					],
					"cookie": [],
					"body": "[\n    {\n        \"id\": 1,\n        \"timeStamp\": \"2024-04-22T20:56:05.576024\",\n        \"customerName\": \"Cory Brown\"\n    }\n]"
				},
				{
					"name": "GET ordersContainingBook error",
					"originalRequest": {
						"method": "GET",
						"header": [],
						"url": {
							"raw": "http://localhost:8080/books/:isbn/orders",
							"protocol": "http",
							"host": [
								"localhost"
							],
							"port": "8080",
							"path": [
								"books",
								":isbn",
								"orders"
							],
							"variable": [
								{
									"key": "isbn",
									"value": "1"
								}
							]
						}
					},
					"status": "Not Found",
					"code": 404,
					"_postman_previewlanguage": "json",
					"header": [
						{
							"key": "Content-Type",
							"value": "application/json"
						},
						{
							"key": "Transfer-Encoding",
							"value": "chunked"
						},
						{
							"key": "Date",
							"value": "Mon, 22 Apr 2024 19:58:53 GMT"
						},
						{
							"key": "Keep-Alive",
							"value": "timeout=60"
						},
						{
							"key": "Connection",
							"value": "keep-alive"
						}
					],
					"cookie": [],
					"body": "{\n    \"message\": \"Book not found with ISBN: 1\"\n}"
				}
			]
		},
		{
			"name": "http://localhost:8080/orders",
			"request": {
				"method": "GET",
				"header": [],
				"url": {
					"raw": "http://localhost:8080/orders",
					"protocol": "http",
					"host": [
						"localhost"
					],
					"port": "8080",
					"path": [
						"orders"
					]
				}
			},
			"response": [
				{
					"name": "GET orders successful",
					"originalRequest": {
						"method": "GET",
						"header": [],
						"url": {
							"raw": "http://localhost:8080/orders",
							"protocol": "http",
							"host": [
								"localhost"
							],
							"port": "8080",
							"path": [
								"orders"
							]
						}
					},
					"status": "OK",
					"code": 200,
					"_postman_previewlanguage": "json",
					"header": [
						{
							"key": "Content-Type",
							"value": "application/json"
						},
						{
							"key": "Transfer-Encoding",
							"value": "chunked"
						},
						{
							"key": "Date",
							"value": "Mon, 22 Apr 2024 20:06:29 GMT"
						},
						{
							"key": "Keep-Alive",
							"value": "timeout=60"
						},
						{
							"key": "Connection",
							"value": "keep-alive"
						}
					],
					"cookie": [],
					"body": "[\n    {\n        \"id\": 1,\n        \"timeStamp\": \"2024-04-22T21:05:57.13195\",\n        \"customerName\": \"Cory Brown\"\n    },\n    {\n        \"id\": 2,\n        \"timeStamp\": \"2024-04-22T21:05:57.153951\",\n        \"customerName\": \"Fadil Raji\"\n    }\n]"
				},
				{
					"name": "GET orders error",
					"originalRequest": {
						"method": "GET",
						"header": [],
						"url": {
							"raw": "http://localhost:8080/orders",
							"protocol": "http",
							"host": [
								"localhost"
							],
							"port": "8080",
							"path": [
								"orders"
							]
						}
					},
					"status": "Not Found",
					"code": 404,
					"_postman_previewlanguage": "json",
					"header": [
						{
							"key": "Content-Type",
							"value": "application/json"
						},
						{
							"key": "Transfer-Encoding",
							"value": "chunked"
						},
						{
							"key": "Date",
							"value": "Mon, 22 Apr 2024 20:07:50 GMT"
						},
						{
							"key": "Keep-Alive",
							"value": "timeout=60"
						},
						{
							"key": "Connection",
							"value": "keep-alive"
						}
					],
					"cookie": [],
					"body": "{\n    \"message\": \"No orders found\"\n}"
				}
			]
		},
		{
			"name": "http://localhost:8080/orders",
			"request": {
				"method": "POST",
				"header": [],
				"body": {
					"mode": "raw",
					"raw": "{\r\n        \"customerName\": \"Cory Brown\"\r\n    }",
					"options": {
						"raw": {
							"language": "json"
						}
					}
				},
				"url": {
					"raw": "http://localhost:8080/orders",
					"protocol": "http",
					"host": [
						"localhost"
					],
					"port": "8080",
					"path": [
						"orders"
					]
				}
			},
			"response": [
				{
					"name": "POST createorder successful",
					"originalRequest": {
						"method": "POST",
						"header": [],
						"body": {
							"mode": "raw",
							"raw": "{\r\n        \"customerName\": \"Ricky To\"\r\n    }",
							"options": {
								"raw": {
									"language": "json"
								}
							}
						},
						"url": {
							"raw": "http://localhost:8080/orders",
							"protocol": "http",
							"host": [
								"localhost"
							],
							"port": "8080",
							"path": [
								"orders"
							]
						}
					},
					"status": "Created",
					"code": 201,
					"_postman_previewlanguage": "json",
					"header": [
						{
							"key": "Content-Type",
							"value": "application/json"
						},
						{
							"key": "Transfer-Encoding",
							"value": "chunked"
						},
						{
							"key": "Date",
							"value": "Mon, 22 Apr 2024 20:26:36 GMT"
						},
						{
							"key": "Keep-Alive",
							"value": "timeout=60"
						},
						{
							"key": "Connection",
							"value": "keep-alive"
						}
					],
					"cookie": [],
					"body": "{\n    \"id\": 3,\n    \"timeStamp\": \"2024-04-22T21:26:36.8322331\",\n    \"customerName\": \"Ricky To\"\n}"
				},
				{
					"name": "POST createOrder error",
					"originalRequest": {
						"method": "POST",
						"header": [],
						"body": {
							"mode": "raw",
							"raw": "{\r\n        \"customerName\": \"Cory Brown\"\r\n    }",
							"options": {
								"raw": {
									"language": "json"
								}
							}
						},
						"url": {
							"raw": "http://localhost:8080/orders",
							"protocol": "http",
							"host": [
								"localhost"
							],
							"port": "8080",
							"path": [
								"orders"
							]
						}
					},
					"status": "Conflict",
					"code": 409,
					"_postman_previewlanguage": "json",
					"header": [
						{
							"key": "Content-Type",
							"value": "application/json"
						},
						{
							"key": "Transfer-Encoding",
							"value": "chunked"
						},
						{
							"key": "Date",
							"value": "Mon, 22 Apr 2024 20:27:27 GMT"
						},
						{
							"key": "Keep-Alive",
							"value": "timeout=60"
						},
						{
							"key": "Connection",
							"value": "keep-alive"
						}
					],
					"cookie": [],
					"body": "{\n    \"message\": \"Theres an already an order for Cory Brown\"\n}"
				}
			]
		},
		{
			"name": "http://localhost:8080/orders/:id",
			"request": {
				"method": "GET",
				"header": [],
				"url": {
					"raw": "http://localhost:8080/orders/:id",
					"protocol": "http",
					"host": [
						"localhost"
					],
					"port": "8080",
					"path": [
						"orders",
						":id"
					],
					"variable": [
						{
							"key": "id",
							"value": "1"
						}
					]
				}
			},
			"response": [
				{
					"name": "GET orderbyId successful",
					"originalRequest": {
						"method": "GET",
						"header": [],
						"url": {
							"raw": "http://localhost:8080/orders/:id",
							"protocol": "http",
							"host": [
								"localhost"
							],
							"port": "8080",
							"path": [
								"orders",
								":id"
							],
							"variable": [
								{
									"key": "id",
									"value": "1"
								}
							]
						}
					},
					"status": "OK",
					"code": 200,
					"_postman_previewlanguage": "json",
					"header": [
						{
							"key": "Content-Type",
							"value": "application/json"
						},
						{
							"key": "Transfer-Encoding",
							"value": "chunked"
						},
						{
							"key": "Date",
							"value": "Tue, 23 Apr 2024 15:32:47 GMT"
						},
						{
							"key": "Keep-Alive",
							"value": "timeout=60"
						},
						{
							"key": "Connection",
							"value": "keep-alive"
						}
					],
					"cookie": [],
					"body": "{\n    \"id\": 1,\n    \"timeStamp\": \"2024-04-23T16:32:11.712527\",\n    \"customerName\": \"Cory Brown\"\n}"
				},
				{
					"name": "GET orderbyId error",
					"originalRequest": {
						"method": "GET",
						"header": [],
						"url": {
							"raw": "http://localhost:8080/orders/:id",
							"protocol": "http",
							"host": [
								"localhost"
							],
							"port": "8080",
							"path": [
								"orders",
								":id"
							],
							"variable": [
								{
									"key": "id",
									"value": "4"
								}
							]
						}
					},
					"status": "OK",
					"code": 200,
					"_postman_previewlanguage": "json",
					"header": [
						{
							"key": "Content-Type",
							"value": "application/json"
						},
						{
							"key": "Transfer-Encoding",
							"value": "chunked"
						},
						{
							"key": "Date",
							"value": "Tue, 23 Apr 2024 15:33:21 GMT"
						},
						{
							"key": "Keep-Alive",
							"value": "timeout=60"
						},
						{
							"key": "Connection",
							"value": "keep-alive"
						}
					],
					"cookie": [],
					"body": "{\n    \"message\": \"Order not found with id: 4\"\n}"
				}
			]
		},
		{
			"name": "http://localhost:8080/orders/:id",
			"request": {
				"method": "PUT",
				"header": [],
				"body": {
					"mode": "raw",
					"raw": "{\r\n    \"customerName\": \"Cory Brown updated\"\r\n}",
					"options": {
						"raw": {
							"language": "json"
						}
					}
				},
				"url": {
					"raw": "http://localhost:8080/orders/:id",
					"protocol": "http",
					"host": [
						"localhost"
					],
					"port": "8080",
					"path": [
						"orders",
						":id"
					],
					"variable": [
						{
							"key": "id",
							"value": "1"
						}
					]
				}
			},
			"response": [
				{
					"name": "PUT updateOrder successful",
					"originalRequest": {
						"method": "PUT",
						"header": [],
						"body": {
							"mode": "raw",
							"raw": "{\r\n    \"customerName\": \"Cory Brown updated\"\r\n}",
							"options": {
								"raw": {
									"language": "json"
								}
							}
						},
						"url": {
							"raw": "http://localhost:8080/orders/:id",
							"protocol": "http",
							"host": [
								"localhost"
							],
							"port": "8080",
							"path": [
								"orders",
								":id"
							],
							"variable": [
								{
									"key": "id",
									"value": "1"
								}
							]
						}
					},
					"status": "OK",
					"code": 200,
					"_postman_previewlanguage": "json",
					"header": [
						{
							"key": "Content-Type",
							"value": "application/json"
						},
						{
							"key": "Transfer-Encoding",
							"value": "chunked"
						},
						{
							"key": "Date",
							"value": "Tue, 23 Apr 2024 15:38:44 GMT"
						},
						{
							"key": "Keep-Alive",
							"value": "timeout=60"
						},
						{
							"key": "Connection",
							"value": "keep-alive"
						}
					],
					"cookie": [],
					"body": "{\n    \"id\": 1,\n    \"timeStamp\": \"2024-04-23T16:37:16.240749\",\n    \"customerName\": \"Cory Brown updated\"\n}"
				},
				{
					"name": "PUT updateOrder error",
					"originalRequest": {
						"method": "PUT",
						"header": [],
						"body": {
							"mode": "raw",
							"raw": "{\r\n    \"customerName\": \"Cory Brown updated\"\r\n}",
							"options": {
								"raw": {
									"language": "json"
								}
							}
						},
						"url": {
							"raw": "http://localhost:8080/orders/:id",
							"protocol": "http",
							"host": [
								"localhost"
							],
							"port": "8080",
							"path": [
								"orders",
								":id"
							],
							"variable": [
								{
									"key": "id",
									"value": "4"
								}
							]
						}
					},
					"status": "Not Found",
					"code": 404,
					"_postman_previewlanguage": "json",
					"header": [
						{
							"key": "Content-Type",
							"value": "application/json"
						},
						{
							"key": "Transfer-Encoding",
							"value": "chunked"
						},
						{
							"key": "Date",
							"value": "Tue, 23 Apr 2024 15:39:39 GMT"
						},
						{
							"key": "Keep-Alive",
							"value": "timeout=60"
						},
						{
							"key": "Connection",
							"value": "keep-alive"
						}
					],
					"cookie": [],
					"body": "{\n    \"message\": \"Order not found with ID: 4\"\n}"
				}
			]
		},
		{
			"name": "http://localhost:8080/orders/:id",
			"request": {
				"method": "DELETE",
				"header": [],
				"url": {
					"raw": "http://localhost:8080/orders/:id",
					"protocol": "http",
					"host": [
						"localhost"
					],
					"port": "8080",
					"path": [
						"orders",
						":id"
					],
					"variable": [
						{
							"key": "id",
							"value": "1"
						}
					]
				}
			},
			"response": [
				{
					"name": "DELETE order successful",
					"originalRequest": {
						"method": "DELETE",
						"header": [],
						"url": {
							"raw": "http://localhost:8080/orders/:id",
							"protocol": "http",
							"host": [
								"localhost"
							],
							"port": "8080",
							"path": [
								"orders",
								":id"
							],
							"variable": [
								{
									"key": "id",
									"value": "1"
								}
							]
						}
					},
					"status": "No Content",
					"code": 204,
					"_postman_previewlanguage": "plain",
					"header": [
						{
							"key": "Date",
							"value": "Tue, 23 Apr 2024 15:44:00 GMT"
						},
						{
							"key": "Keep-Alive",
							"value": "timeout=60"
						},
						{
							"key": "Connection",
							"value": "keep-alive"
						}
					],
					"cookie": [],
					"body": null
				},
				{
					"name": "DELETE order successful",
					"originalRequest": {
						"method": "DELETE",
						"header": [],
						"url": {
							"raw": "http://localhost:8080/orders/:id",
							"protocol": "http",
							"host": [
								"localhost"
							],
							"port": "8080",
							"path": [
								"orders",
								":id"
							],
							"variable": [
								{
									"key": "id",
									"value": "4"
								}
							]
						}
					},
					"status": "Not Found",
					"code": 404,
					"_postman_previewlanguage": "json",
					"header": [
						{
							"key": "Content-Type",
							"value": "application/json"
						},
						{
							"key": "Transfer-Encoding",
							"value": "chunked"
						},
						{
							"key": "Date",
							"value": "Tue, 23 Apr 2024 15:44:52 GMT"
						},
						{
							"key": "Keep-Alive",
							"value": "timeout=60"
						},
						{
							"key": "Connection",
							"value": "keep-alive"
						}
					],
					"cookie": [],
					"body": "{\n    \"message\": \"Order not found with ID: 4\"\n}"
				}
			]
		},
		{
			"name": "http://localhost:8080/orders/:id/books",
			"request": {
				"method": "GET",
				"header": [],
				"url": {
					"raw": "http://localhost:8080/orders/:id/books",
					"protocol": "http",
					"host": [
						"localhost"
					],
					"port": "8080",
					"path": [
						"orders",
						":id",
						"books"
					],
					"variable": [
						{
							"key": "id",
							"value": "1"
						}
					]
				}
			},
			"response": [
				{
					"name": "GET booksInOrder successful",
					"originalRequest": {
						"method": "GET",
						"header": [],
						"url": {
							"raw": "http://localhost:8080/orders/:id/books",
							"protocol": "http",
							"host": [
								"localhost"
							],
							"port": "8080",
							"path": [
								"orders",
								":id",
								"books"
							],
							"variable": [
								{
									"key": "id",
									"value": "1"
								}
							]
						}
					},
					"status": "OK",
					"code": 200,
					"_postman_previewlanguage": "json",
					"header": [
						{
							"key": "Content-Type",
							"value": "application/json"
						},
						{
							"key": "Transfer-Encoding",
							"value": "chunked"
						},
						{
							"key": "Date",
							"value": "Tue, 23 Apr 2024 15:47:37 GMT"
						},
						{
							"key": "Keep-Alive",
							"value": "timeout=60"
						},
						{
							"key": "Connection",
							"value": "keep-alive"
						}
					],
					"cookie": [],
					"body": "[\n    {\n        \"title\": \"Harry Potter and the Chamber of Secrets\",\n        \"publicationYear\": 1998,\n        \"price\": 14.39,\n        \"isbn\": \"9788831000154\"\n    },\n    {\n        \"title\": \"Harry Potter and the Philosophers Stone\",\n        \"publicationYear\": 1997,\n        \"price\": 12.23,\n        \"isbn\": \"9780747532743\"\n    }\n]"
				},
				{
					"name": "GET BooksInOrder error",
					"originalRequest": {
						"method": "GET",
						"header": [],
						"url": {
							"raw": "http://localhost:8080/orders/:id/books",
							"protocol": "http",
							"host": [
								"localhost"
							],
							"port": "8080",
							"path": [
								"orders",
								":id",
								"books"
							],
							"variable": [
								{
									"key": "id",
									"value": "4"
								}
							]
						}
					},
					"status": "Not Found",
					"code": 404,
					"_postman_previewlanguage": "json",
					"header": [
						{
							"key": "Content-Type",
							"value": "application/json"
						},
						{
							"key": "Transfer-Encoding",
							"value": "chunked"
						},
						{
							"key": "Date",
							"value": "Tue, 23 Apr 2024 15:48:26 GMT"
						},
						{
							"key": "Keep-Alive",
							"value": "timeout=60"
						},
						{
							"key": "Connection",
							"value": "keep-alive"
						}
					],
					"cookie": [],
					"body": "{\n    \"message\": \"Order not found with ID: 4\"\n}"
				}
			]
		},
		{
			"name": "http://localhost:8080/orders/:id/books",
			"request": {
				"method": "POST",
				"header": [],
				"body": {
					"mode": "raw",
					"raw": "{\r\n        \"title\": \"Harry Potter and the Prisoner of Azkaban\",\r\n        \"publicationYear\": 1999,\r\n        \"price\": 12.23,\r\n        \"isbn\": \"978074753567\"\r\n    }",
					"options": {
						"raw": {
							"language": "json"
						}
					}
				},
				"url": {
					"raw": "http://localhost:8080/orders/:id/books",
					"protocol": "http",
					"host": [
						"localhost"
					],
					"port": "8080",
					"path": [
						"orders",
						":id",
						"books"
					],
					"variable": [
						{
							"key": "id",
							"value": "1"
						}
					]
				}
			},
			"response": [
				{
					"name": "POST addBookToOrder successful",
					"originalRequest": {
						"method": "POST",
						"header": [],
						"body": {
							"mode": "raw",
							"raw": "{\r\n        \"title\": \"Harry Potter and the Prisoner of Azkaban\",\r\n        \"publicationYear\": 1999,\r\n        \"price\": 12.23,\r\n        \"isbn\": \"978074753567\"\r\n    }",
							"options": {
								"raw": {
									"language": "json"
								}
							}
						},
						"url": {
							"raw": "http://localhost:8080/orders/:id/books",
							"protocol": "http",
							"host": [
								"localhost"
							],
							"port": "8080",
							"path": [
								"orders",
								":id",
								"books"
							],
							"variable": [
								{
									"key": "id",
									"value": "1"
								}
							]
						}
					},
					"status": "OK",
					"code": 200,
					"_postman_previewlanguage": "json",
					"header": [
						{
							"key": "Content-Type",
							"value": "application/json"
						},
						{
							"key": "Transfer-Encoding",
							"value": "chunked"
						},
						{
							"key": "Date",
							"value": "Tue, 23 Apr 2024 15:55:09 GMT"
						},
						{
							"key": "Keep-Alive",
							"value": "timeout=60"
						},
						{
							"key": "Connection",
							"value": "keep-alive"
						}
					],
					"cookie": [],
					"body": "{\n    \"id\": 1,\n    \"timeStamp\": \"2024-04-23T16:53:43.558411\",\n    \"customerName\": \"Cory Brown\"\n}"
				},
				{
					"name": "POST addBookToOrder error",
					"originalRequest": {
						"method": "POST",
						"header": [],
						"body": {
							"mode": "raw",
							"raw": "{\r\n        \"title\": \"Harry Potter and the Prisoner of Azkaban\",\r\n        \"publicationYear\": 1999,\r\n        \"price\": 12.23,\r\n        \"isbn\": \"978074753567\"\r\n    }",
							"options": {
								"raw": {
									"language": "json"
								}
							}
						},
						"url": {
							"raw": "http://localhost:8080/orders/:id/books",
							"protocol": "http",
							"host": [
								"localhost"
							],
							"port": "8080",
							"path": [
								"orders",
								":id",
								"books"
							],
							"variable": [
								{
									"key": "id",
									"value": "4"
								}
							]
						}
					},
					"status": "Not Found",
					"code": 404,
					"_postman_previewlanguage": "json",
					"header": [
						{
							"key": "Content-Type",
							"value": "application/json"
						},
						{
							"key": "Transfer-Encoding",
							"value": "chunked"
						},
						{
							"key": "Date",
							"value": "Tue, 23 Apr 2024 15:59:28 GMT"
						},
						{
							"key": "Keep-Alive",
							"value": "timeout=60"
						},
						{
							"key": "Connection",
							"value": "keep-alive"
						}
					],
					"cookie": [],
					"body": "{\n    \"message\": \"Order not found with ID: 4\"\n}"
				}
			]
		},
		{
			"name": "http://localhost:8080/orders/:id/books/:ISBN",
			"request": {
				"method": "DELETE",
				"header": [],
				"url": {
					"raw": "http://localhost:8080/orders/:id/books/:ISBN",
					"protocol": "http",
					"host": [
						"localhost"
					],
					"port": "8080",
					"path": [
						"orders",
						":id",
						"books",
						":ISBN"
					],
					"variable": [
						{
							"key": "id",
							"value": "1"
						},
						{
							"key": "ISBN",
							"value": "9788831000154"
						}
					]
				}
			},
			"response": [
				{
					"name": "DELETE removeBookFromOrder succesful",
					"originalRequest": {
						"method": "DELETE",
						"header": [],
						"url": {
							"raw": "http://localhost:8080/orders/:id/books/:ISBN",
							"protocol": "http",
							"host": [
								"localhost"
							],
							"port": "8080",
							"path": [
								"orders",
								":id",
								"books",
								":ISBN"
							],
							"variable": [
								{
									"key": "id",
									"value": "1"
								},
								{
									"key": "ISBN",
									"value": "9788831000154"
								}
							]
						}
					},
					"status": "OK",
					"code": 200,
					"_postman_previewlanguage": "json",
					"header": [
						{
							"key": "Content-Type",
							"value": "application/json"
						},
						{
							"key": "Transfer-Encoding",
							"value": "chunked"
						},
						{
							"key": "Date",
							"value": "Tue, 23 Apr 2024 16:08:22 GMT"
						},
						{
							"key": "Keep-Alive",
							"value": "timeout=60"
						},
						{
							"key": "Connection",
							"value": "keep-alive"
						}
					],
					"cookie": [],
					"body": "{\n    \"id\": 1,\n    \"timeStamp\": \"2024-04-23T17:08:11.964334\",\n    \"customerName\": \"Cory Brown\"\n}"
				},
				{
					"name": "DELETE removeBookFromOrder error1",
					"originalRequest": {
						"method": "DELETE",
						"header": [],
						"url": {
							"raw": "http://localhost:8080/orders/:id/books/:ISBN",
							"protocol": "http",
							"host": [
								"localhost"
							],
							"port": "8080",
							"path": [
								"orders",
								":id",
								"books",
								":ISBN"
							],
							"variable": [
								{
									"key": "id",
									"value": "4"
								},
								{
									"key": "ISBN",
									"value": "9788831000154"
								}
							]
						}
					},
					"status": "Not Found",
					"code": 404,
					"_postman_previewlanguage": "json",
					"header": [
						{
							"key": "Content-Type",
							"value": "application/json"
						},
						{
							"key": "Transfer-Encoding",
							"value": "chunked"
						},
						{
							"key": "Date",
							"value": "Tue, 23 Apr 2024 16:10:04 GMT"
						},
						{
							"key": "Keep-Alive",
							"value": "timeout=60"
						},
						{
							"key": "Connection",
							"value": "keep-alive"
						}
					],
					"cookie": [],
					"body": "{\n    \"message\": \"Order not found with ID: 4\"\n}"
				},
				{
					"name": "DELETE removeBookFromOrder successful",
					"originalRequest": {
						"method": "DELETE",
						"header": [],
						"url": {
							"raw": "http://localhost:8080/orders/:id/books/:ISBN",
							"protocol": "http",
							"host": [
								"localhost"
							],
							"port": "8080",
							"path": [
								"orders",
								":id",
								"books",
								":ISBN"
							],
							"variable": [
								{
									"key": "id",
									"value": "1"
								},
								{
									"key": "ISBN",
									"value": "978883106754"
								}
							]
						}
					},
					"status": "Not Found",
					"code": 404,
					"_postman_previewlanguage": "json",
					"header": [
						{
							"key": "Content-Type",
							"value": "application/json"
						},
						{
							"key": "Transfer-Encoding",
							"value": "chunked"
						},
						{
							"key": "Date",
							"value": "Tue, 23 Apr 2024 16:11:20 GMT"
						},
						{
							"key": "Keep-Alive",
							"value": "timeout=60"
						},
						{
							"key": "Connection",
							"value": "keep-alive"
						}
					],
					"cookie": [],
					"body": "{\n    \"message\": \"Book not found with ISBN: 978883106754\"\n}"
				}
			]
		}
	]
}